Bestand;Oudste_datum;Nieuwste_datum;Geldige_dagen;Dagvolume;Gemiddelde_vorige_20;VR_max3;Richtinggevoelige_VR;Referentie_observaties;Historisch_percentiel;Status
AALBERTS.csv;2024-10-10;2026-10-08;509;228049;273159.2;0.834857;-0.834857;252;26.9841;BASISDATA_GELDIG
ABN_AMRO.csv;2024-10-10;2026-10-08;509;2383575;1998042.1;1.192955;-1.192955;252;9.127;BASISDATA_GELDIG
ADYEN.csv;2024-10-10;2026-10-08;509;91025;136487.05;0.666913;-0.666913;252;44.4444;BASISDATA_GELDIG
AEGON.csv;2024-10-10;2026-10-08;509;5136985;4459781.75;1.151847;-1.151847;252;11.9048;BASISDATA_GELDIG
AHOLD_DELHAIZE.csv;2024-10-10;2026-10-08;509;1989254;2369922.7;0.839375;0.839375;252;71.0317;BASISDATA_GELDIG
AKZO_NOBEL.csv;2024-10-10;2026-10-08;509;534438;530242.95;1.007912;-1.007912;252;17.8571;BASISDATA_GELDIG
ARCELORMITTAL.csv;2024-10-10;2026-10-08;509;2506427;1536660.45;1.631087;-1.631087;252;2.381;BASISDATA_GELDIG
ASML.csv;2024-10-10;2026-10-08;509;538240;616075.6;0.873659;0.873659;252;70.2381;BASISDATA_GELDIG
ASM_INTERNATIONAL.csv;2024-10-10;2026-10-08;509;129799;144994.35;0.8952;-0.8952;252;25.7937;BASISDATA_GELDIG
ASR_NEDERLAND.csv;2024-10-10;2026-10-08;509;504492;491003.7;1.027471;-1.027471;252;19.0476;BASISDATA_GELDIG
BESI.csv;2024-10-10;2026-10-08;509;623800;506082.65;1.232605;1.232605;252;88.4921;BASISDATA_GELDIG
CVC_CAPITAL.csv;2024-10-10;2026-10-08;509;1133789;1108582.4;1.022738;-1.022738;252;21.0317;BASISDATA_GELDIG
DSM_FIRMENICH.csv;2024-10-10;2026-10-08;509;486842;747614.5;0.651194;-0.651194;252;39.2857;BASISDATA_GELDIG
EXOR.csv;2024-10-10;2026-10-08;509;232426;246292.7;0.943698;-0.943698;252;15.873;BASISDATA_GELDIG
HEINEKEN.csv;2024-10-10;2026-10-08;509;535861;578732.8;0.925921;0.925921;252;73.8095;BASISDATA_GELDIG
IMCD.csv;2024-10-10;2026-10-08;509;119389;128649.1;0.92802;-0.92802;252;21.0317;BASISDATA_GELDIG
ING.csv;2024-10-10;2026-10-08;509;10779852;6300287.45;1.71101;-1.71101;252;2.381;BASISDATA_GELDIG
INPOST.csv;2024-10-10;2026-10-08;509;211200;1143136.4;0.184755;-0.184755;252;36.9048;BASISDATA_GELDIG
KPN.csv;2024-10-10;2026-10-08;509;11743078;11838439.05;0.991945;-0.991945;252;21.8254;BASISDATA_GELDIG
NN_GROUP.csv;2024-10-10;2026-10-08;509;722453;562669.45;1.283974;-1.283974;252;7.9365;BASISDATA_GELDIG
PHILIPS.csv;2024-10-10;2026-10-08;509;1495042;1572154.75;0.950951;-0.950951;252;17.8571;BASISDATA_GELDIG
PROSUS.csv;2024-10-10;2026-10-08;509;2396141;3087551.1;0.776065;-0.776065;252;40.4762;BASISDATA_GELDIG
RELX.csv;2024-10-10;2026-10-08;509;1215601;788262.2;1.542128;-1.542128;252;7.5397;BASISDATA_GELDIG
SBM_OFFSHORE.csv;2024-10-10;2026-10-08;509;392822;395955.2;0.992087;0.992087;252;76.5873;BASISDATA_GELDIG
SHELL.csv;2024-10-10;2026-10-08;509;4189385;4735396.45;0.884696;0.884696;252;67.8571;BASISDATA_GELDIG
UMG.csv;2024-10-10;2026-10-08;509;2835777;2938220.4;0.965134;0.965134;252;77.7778;BASISDATA_GELDIG
UNILEVER.csv;2024-10-10;2026-10-08;509;505684;961431.35;0.52597;0.0;252;54.7619;BASISDATA_GELDIG
WDP.csv;2024-10-10;2026-10-08;509;497643;668209.4;0.744741;-0.744741;252;36.1111;BASISDATA_GELDIG
WOLTERS_KLUWER.csv;2024-10-10;2026-10-08;509;1397334;1525572.1;0.915941;0.915941;252;75.3968;BASISDATA_GELDIG
