Date,Open,High,Low,Close,R_H1,D_H1,R_H2,D_H2,R_H5,D_H5,R_H21,D_H21,SMA20,A_SMA20,D_A_SMA20,SMA50,A_SMA50,D_A_SMA50,SMA200,A_SMA200,D_A_SMA200,RSI14,RSI_level,D_RSI14,PCTL252_R_H1,PCTL252_R_H2,PCTL252_R_H5,PCTL252_R_H21,PCTL252_D_H1,PCTL252_D_H2,PCTL252_D_H5,PCTL252_D_H21,PCTL252_A_SMA20,PCTL252_A_SMA50,PCTL252_A_SMA200,PCTL252_D_A_SMA20,PCTL252_D_A_SMA50,PCTL252_D_A_SMA200,PCTL252_RSI_level,PCTL252_D_RSI14
2026-08-27,1108.54000000,1108.80000000,1099.14000000,1103.38000000,-0.39539250,-0.34306199,-0.44751611,-0.66180763,0.05440795,1.55585044,0.94044461,-0.25658919,1109.58550000,-0.55926290,-0.38884895,1093.91240000,0.86548064,-0.44109026,1019.70880000,8.20540139,-0.50142398,41.63391934,-8.36608066,-3.12925611,23.80952381,26.19047619,37.30158730,30.55555556,32.93650794,31.34920635,71.42857143,48.01587302,16.26984127,28.57142857,77.77777778,28.57142857,23.80952381,23.01587302,11.50793651,29.36507937
2026-08-28,1107.42000000,1112.79000000,1103.98000000,1112.28000000,0.80661241,1.20200491,0.40803062,0.60533681,0.57053989,1.63063901,0.68707058,-2.25289997,1110.24050000,0.18369894,0.74296183,1094.59480000,1.61568464,0.75020400,1020.46265000,8.99761985,0.79221847,49.03377280,-0.96622720,7.39985346,84.12698413,55.95238095,52.38095238,26.98412698,87.30158730,64.68253968,72.61904762,30.15873016,32.93650794,36.90476190,86.11111111,83.33333333,84.12698413,84.12698413,30.95238095,85.31746032
2026-08-31,1110.99000000,1114.43000000,1105.11000000,1105.77000000,-0.58528428,-1.39189669,0.21660715,0.66412326,-0.37659354,0.05846208,0.59953784,-1.86517868,1110.41800000,-0.41858111,-0.60228005,1095.05160000,0.97880319,-0.63688144,1021.23190000,8.27805124,-0.71956861,40.59185768,-9.40814232,-8.44191512,17.85714286,50.39682540,27.38095238,25.00000000,13.88888889,66.66666667,50.00000000,32.14285714,17.46031746,28.57142857,78.57142857,18.65079365,19.44444444,17.06349206,9.12698413,11.11111111
2026-09-01,1108.16000000,1109.77000000,1099.70000000,1101.92000000,-0.34817367,0.23711061,-0.93142015,-1.33945077,-0.57924464,-0.67135893,-0.02721780,-1.78500505,1109.88950000,-0.71804445,-0.29946334,1095.77740000,0.56057006,-0.41823313,1022.01465000,7.81841532,-0.45963592,41.04116223,-8.95883777,0.44930455,25.79365079,13.88888889,24.60317460,20.23809524,55.55555556,20.23809524,41.66666667,32.93650794,13.09523810,25.00000000,73.01587302,32.93650794,25.39682540,23.80952381,9.92063492,53.96825397
2026-09-02,1099.56000000,1103.77000000,1096.29000000,1103.67000000,0.15881371,0.50698738,-0.18991291,-0.40652006,-0.36921355,-0.85269096,-0.79281612,-3.57180005,1109.50600000,-0.52599986,0.19204459,1096.54380000,0.64987828,0.08930822,1022.87860000,7.89843487,0.08001954,34.76846537,-15.23153463,-6.27269686,52.38095238,36.11111111,27.77777778,15.87301587,67.46031746,39.68253968,40.47619048,21.42857143,16.26984127,25.39682540,73.01587302,58.73015873,53.57142857,51.98412698,5.15873016,17.06349206
2026-09-03,1104.15000000,1105.75000000,1098.86000000,1104.62000000,0.08607645,-0.07273725,0.24502686,1.17644701,0.11238195,0.05797400,-0.60467544,-3.60189508,1109.11350000,-0.40514339,0.12085647,1097.28200000,0.66874331,0.01886503,1023.73500000,7.90097047,0.00253560,37.16951788,-12.83048212,2.40105252,49.20634921,51.98412698,39.68253968,17.06349206,45.63492063,79.76190476,50.39682540,21.03174603,19.04761905,25.39682540,73.01587302,55.55555556,49.60317460,46.82539683,7.14285714,65.47619048
2026-09-04,1104.97000000,1114.65000000,1103.81000000,1113.50000000,0.80389636,0.71781991,0.89066478,1.08057769,0.10968461,-0.46085528,0.09258677,-3.28240743,1109.21500000,0.38630924,0.79145262,1098.33740000,1.38050475,0.71176144,1024.62785000,8.67360281,0.77263235,48.86561955,-1.13438045,11.69610166,84.12698413,76.19047619,39.68253968,21.82539683,75.79365079,78.17460317,45.63492063,23.80952381,38.09523810,33.33333333,81.74603175,85.31746032,83.33333333,84.12698413,31.34920635,96.82539683
2026-09-07,1113.47000000,1118.21000000,1110.10000000,1115.42000000,0.17242928,-0.63146709,0.97771179,0.73268493,0.87269505,1.24928859,0.35538521,-2.24310831,1109.31850000,0.55002238,0.16371314,1099.33900000,1.46278809,0.08228334,1025.57150000,8.76082262,0.08721981,57.82759954,7.82759954,8.96197999,53.57142857,79.76190476,62.69841270,24.60317460,29.36507937,67.06349206,69.04761905,32.14285714,43.65079365,34.92063492,82.53968254,57.14285714,53.57142857,52.77777778,51.58730159,90.07936508
2026-09-08,1115.48000000,1121.90000000,1114.61000000,1116.05000000,0.05648097,-0.11594831,0.22900763,-0.66165715,1.28230725,1.86155188,0.24251134,-2.44326566,1109.28250000,0.61007904,0.06005666,1100.05660000,1.45387065,-0.00891745,1026.51715000,8.72200236,-0.03882027,64.34288121,14.34288121,6.51528168,47.22222222,51.58730159,73.01587302,23.41269841,43.25396825,31.34920635,77.77777778,30.55555556,45.23809524,34.52380952,82.14285714,51.58730159,48.01587302,44.84126984,69.84126984,81.74603175
2026-09-09,1113.17000000,1114.25000000,1097.79000000,1101.89000000,-1.26876036,-1.32524133,-1.21299600,-2.19070779,-0.16128009,0.20793346,-1.33241402,-4.22259275,1108.76300000,-0.61987999,-1.22995903,1100.63160000,0.11433435,-1.33953629,1027.36280000,7.25422412,-1.46777824,49.27394355,-0.72605645,-15.06893767,5.15873016,9.92063492,32.93650794,13.09523810,14.68253968,9.12698413,54.36507937,16.26984127,15.07936508,19.44444444,62.30158730,6.74603175,5.15873016,5.15873016,32.14285714,2.38095238
2026-09-10,1101.32000000,1102.51000000,1091.77000000,1093.27000000,-0.78229224,0.48646812,-2.04112719,-2.27013482,-1.02750267,-1.13988462,-1.70910202,-3.76624698,1107.44700000,-1.28015156,-0.66027156,1101.04220000,-0.70589483,-0.82022918,1028.11075000,6.33776565,-0.91645846,40.48261391,-9.51738609,-8.79132964,13.88888889,3.17460317,16.66666667,11.11111111,66.66666667,8.73015873,32.53968254,19.44444444,8.33333333,15.87301587,48.01587302,18.25396825,14.28571429,12.30158730,9.92063492,9.92063492
2026-09-11,1094.19000000,1103.46000000,1091.71000000,1098.76000000,0.50216324,1.28445548,-0.28405739,0.92893861,-1.32375393,-1.43343854,-1.86050251,-3.83609227,1106.49400000,-0.69896448,0.58118708,1101.35380000,-0.23551015,0.47038468,1028.90540000,6.78921502,0.45144937,41.79979481,-8.20020519,1.31718090,72.61904762,31.74603175,13.09523810,11.11111111,88.49206349,73.80952381,26.58730159,19.44444444,13.88888889,17.85714286,54.36507937,78.96825397,74.20634921,71.42857143,13.49206349,61.11111111
2026-09-14,1096.78000000,1101.18000000,1095.28000000,1098.35000000,-0.03731479,-0.53947803,0.46466106,2.50578825,-1.53036524,-2.40306029,-1.74178311,-3.14238908,1105.67150000,-0.66217679,0.03678769,1101.67260000,-0.30159596,-0.06608580,1029.68030000,6.66903115,-0.12018387,42.54811279,-7.45188721,0.74831797,42.85714286,59.12698413,11.11111111,11.50793651,30.15873016,93.65079365,15.47619048,25.79365079,15.07936508,17.46031746,51.98412698,51.19047619,44.44444444,41.26984127,15.87301587,56.74603175
2026-09-15,1096.30000000,1097.12000000,1089.41000000,1095.87000000,-0.22579324,-0.18847844,-0.26302377,0.02103362,-1.80816272,-3.09046996,-1.69806243,-3.78877921,1105.09900000,-0.83512880,-0.17295201,1102.01000000,-0.55716373,-0.25556777,1030.42145000,6.35162923,-0.31740193,41.37530828,-8.62469172,-1.17280450,31.74603175,32.93650794,7.53968254,12.69841270,40.07936508,50.39682540,9.92063492,19.84126984,11.90476190,17.46031746,47.61904762,40.47619048,34.52380952,29.36507937,13.09523810,40.47619048
2026-09-16,1098.03000000,1100.63000000,1095.51000000,1096.14000000,0.02463796,0.25043119,-0.20121091,-0.66587197,-0.52183067,-0.36055058,-1.00964491,-2.54926326,1104.78450000,-0.78246029,0.05266851,1102.40980000,-0.56873587,-0.01157214,1031.17795000,6.29979045,-0.05183878,44.41530392,-5.58469608,3.03999563,46.82539683,36.11111111,27.38095238,16.66666667,57.14285714,30.95238095,48.41269841,32.53968254,12.30158730,17.06349206,46.03174603,52.38095238,49.20634921,45.63492063,19.04761905,68.65079365
2026-09-17,1100.36000000,1104.02000000,1098.24000000,1100.80000000,0.42512818,0.40049022,0.44987088,0.71289465,0.68875941,1.71626208,-0.14785519,-0.66666548,1104.68550000,-0.35172907,0.43073122,1102.75940000,-0.17768155,0.39105432,1031.93375000,6.67351465,0.37372420,40.52492572,-9.47507428,-3.89037820,67.85714286,59.12698413,58.73015873,21.82539683,63.88888889,67.06349206,75.39682540,47.61904762,23.01587302,19.44444444,51.98412698,74.20634921,71.42857143,67.06349206,10.31746032,27.77777778
2026-09-18,1100.48000000,1102.65000000,1090.04000000,1095.09000000,-0.51871366,-0.94384184,-0.09579068,0.10542022,-0.33401289,0.98974104,-0.69732857,-0.87628770,1104.14150000,-0.81977718,-0.46804811,1102.97660000,-0.71502877,-0.53734722,1032.67035000,6.04448942,-0.62902524,41.06724657,-8.93275343,0.54232085,19.44444444,40.87301587,30.15873016,19.04761905,21.42857143,53.96825397,65.07936508,46.42857143,12.30158730,15.87301587,43.25396825,25.39682540,21.82539683,19.04761905,12.30158730,54.36507937
2026-09-21,1100.76000000,1106.48000000,1099.40000000,1102.35000000,0.66295921,1.18167287,0.14080669,-0.30906419,0.36418264,1.89454788,-0.32731448,-2.10338266,1103.76150000,-0.12788089,0.69189629,1103.31560000,-0.08751802,0.62751075,1033.44460000,6.66754657,0.62305716,50.34024371,0.34024371,9.27299714,81.34920635,48.80952381,50.00000000,21.82539683,86.90476190,40.87301587,78.57142857,35.31746032,28.96825397,21.03174603,51.19047619,83.73015873,80.95238095,79.36507937,34.92063492,92.06349206
2026-09-22,1108.50000000,1116.13000000,1105.02000000,1110.93000000,0.77833719,0.11537798,1.44645646,1.54224714,1.37425060,3.18241331,0.08829227,-1.73824621,1103.89100000,0.63765354,0.76553442,1103.73700000,0.65169510,0.73921313,1034.27365000,7.41161200,0.74406543,55.18423308,5.18423308,4.84398937,83.73015873,90.87301587,77.77777778,25.39682540,52.38095238,85.31746032,88.09523810,38.88888889,49.20634921,26.98412698,65.07936508,84.92063492,84.92063492,83.33333333,45.63492063,77.38095238
2026-09-23,1113.78000000,1113.78000000,1105.21000000,1107.93000000,-0.27004402,-1.04838121,0.50619132,0.36538463,1.07559253,1.59742321,-0.03699226,-2.55380337,1103.89950000,0.36511476,-0.27253878,1103.93760000,0.36165088,-0.29004423,1035.07790000,7.03832050,-0.37329151,52.29637852,2.29637852,-2.88785456,28.96825397,61.90476190,70.63492063,24.60317460,19.84126984,58.33333333,73.01587302,32.53968254,40.47619048,25.00000000,57.93650794,34.92063492,32.53968254,27.77777778,38.09523810,30.15873016
2026-09-24,1107.73000000,1112.88000000,1105.05000000,1106.84000000,-0.09838167,0.17166235,-0.36816001,-1.81461647,0.54869186,-0.14006755,-0.08305048,-1.47984682,1104.07250000,0.25066289,-0.11445187,1104.02680000,0.25481265,-0.10683822,1035.89340000,6.84883213,-0.18948837,44.81953951,-5.18046049,-7.47683901,38.88888889,29.76190476,53.96825397,24.60317460,55.15873016,12.30158730,49.60317460,41.66666667,38.88888889,25.00000000,53.96825397,44.04761905,43.25396825,38.49206349,21.03174603,13.49206349
2026-09-25,1111.04000000,1117.13000000,1110.33000000,1112.09000000,0.47432330,0.57270497,0.37547498,-0.13071633,1.55238382,1.88639671,0.78939259,-0.15105201,1104.06300000,0.72704184,0.47637896,1104.42920000,0.69364338,0.43883072,1036.71875000,7.27017332,0.42134119,47.53734655,-2.46265345,2.71780703,70.23809524,57.14285714,78.96825397,34.52380952,71.42857143,45.63492063,77.77777778,57.14285714,53.57142857,28.57142857,62.30158730,74.60317460,71.82539683,69.04761905,30.55555556,65.87301587
2026-09-28,1114.73000000,1122.10000000,1111.94000000,1116.12000000,0.36238074,-0.11194256,0.83842290,1.20658291,1.24914954,0.88496691,0.34523681,-0.34183377,1104.58050000,1.04469525,0.31765340,1104.94100000,1.01172823,0.31808485,1037.60140000,7.56731824,0.29714492,50.04928883,0.04928883,2.51194229,63.88888889,75.79365079,73.80952381,29.76190476,44.04761905,81.34920635,63.09523810,53.17460317,62.30158730,31.74603175,66.66666667,66.66666667,67.06349206,62.69841270,35.71428571,65.47619048
2026-09-29,1119.19000000,1125.00000000,1119.05000000,1120.19000000,0.36465613,0.00227539,0.72835832,0.35288333,0.83353587,-0.54071473,1.30406866,0.70453082,1105.49400000,1.32936045,0.28466520,1105.41000000,1.33706046,0.32533223,1038.47350000,7.86890566,0.30158742,65.01969796,15.01969796,14.97040913,64.28571429,69.84126984,63.49206349,43.65079365,48.01587302,57.93650794,44.44444444,65.87301587,67.85714286,36.50793651,71.03174603,63.49206349,67.46031746,63.09523810,76.19047619,99.20634921
2026-09-30,1122.17000000,1127.38000000,1114.90000000,1114.90000000,-0.47224132,-0.83689745,-0.10930724,-0.94773014,0.62910112,-0.44649142,1.17794395,1.20516175,1106.05550000,0.79964342,-0.52971703,1105.69180000,0.83279988,-0.50426058,1039.37230000,7.26666470,-0.60224096,68.77930196,18.77930196,3.75960400,21.42857143,40.87301587,57.53968254,42.06349206,24.60317460,25.79365079,46.42857143,68.65079365,55.95238095,30.55555556,60.71428571,21.82539683,23.01587302,21.03174603,83.33333333,70.63492063
2026-10-01,1111.51000000,1111.51000000,1096.45000000,1102.63000000,-1.10054713,-0.62830582,-1.56759121,-2.29594953,-0.38036211,-0.92905397,-0.09423107,0.69858505,1105.95600000,-0.30073529,-1.10037871,1106.01100000,-0.30569316,-1.13849304,1040.23745000,5.99791423,-1.26875047,53.00605872,3.00605872,-15.77324324,7.93650794,8.33333333,29.36507937,24.60317460,29.76190476,8.33333333,37.69841270,65.87301587,24.20634921,18.65079365,38.88888889,9.12698413,9.92063492,7.53968254,42.06349206,1.98412698
2026-10-02,1107.45000000,1121.44000000,1105.76000000,1116.71000000,1.27694694,2.37749407,0.16234640,0.27165364,0.41543400,-1.13694982,1.09449403,1.69916947,1106.11650000,0.95772010,1.25845539,1106.54440000,0.91867981,1.22437297,1041.12075000,7.26037302,1.26245879,61.76319836,11.76319836,8.75713964,94.84126984,50.79365079,51.19047619,40.87301587,97.61904762,57.93650794,32.53968254,71.03174603,59.92063492,31.74603175,60.31746032,95.23809524,94.84126984,94.84126984,67.06349206,90.07936508
2026-10-05,1121.68000000,1124.95000000,1118.58000000,1123.88000000,0.64206464,-0.63488230,1.92721040,3.49480161,0.69526574,-0.55388380,0.93219578,0.83960901,1106.53950000,1.56709272,0.60937263,1107.39940000,1.48822548,0.56954567,1042.01720000,7.85618510,0.59581208,66.92856279,16.92856279,5.16536443,79.36507937,95.63492063,61.50793651,37.69841270,28.96825397,97.22222222,44.84126984,68.25396825,75.00000000,41.26984127,70.63492063,79.36507937,79.76190476,78.17460317,81.74603175,77.77777778
2026-10-06,1126.92000000,1135.75000000,1126.60000000,1128.33000000,0.39594975,-0.24611489,1.04055664,0.87821024,0.72666244,-0.10687343,1.15741156,0.80202635,1107.15350000,1.91269774,0.34560502,1108.11600000,1.82417725,0.33595178,1042.94535000,8.18687671,0.33069161,68.51915775,18.51915775,1.59059495,66.26984127,81.74603175,63.09523810,42.85714286,36.11111111,71.82539683,51.19047619,68.25396825,82.93650794,46.82539683,75.39682540,69.04761905,67.46031746,65.07936508,84.52380952,60.31746032
2026-10-07,1124.02000000,1126.58000000,1121.56000000,1124.73000000,-0.31905560,-0.71500534,0.07563085,-1.85157955,0.88169343,0.25259231,0.77774293,0.53523159,1108.29550000,1.48286265,-0.42983509,1108.74860000,1.44139077,-0.38278648,1043.85770000,7.74744489,-0.43943183,63.93709959,13.93709959,-4.58205816,26.98412698,47.22222222,67.46031746,34.92063492,26.19047619,12.30158730,55.95238095,62.69841270,74.20634921,40.07936508,68.65079365,26.98412698,28.96825397,25.79365079,73.80952381,23.80952381
