Datum;Opening;Hoog;Laag;Laatste;Sluiten;Aantal aandelen;Omzet;VWAP
08/10/2026;35,00;35,825;34,78;34,855;34,855;2 396 141;84 191 493;35,1363
07/10/2026;35,00;35,435;34,87;35,30;35,30;2 441 640;85 998 344;35,2215
06/10/2026;35,42;35,70;35,125;35,565;35,565;2 549 409;90 480 141;35,4906
05/10/2026;34,645;35,53;34,54;35,285;35,285;2 615 355;91 852 648;35,1205
02/10/2026;34,815;35,29;34,485;34,50;34,50;2 858 343;99 352 899;34,7589
01/10/2026;35,66;35,875;34,815;34,815;34,815;2 860 459;100 510 465;35,1379
30/09/2026;36,02;36,275;35,36;35,52;35,52;3 621 638;128 804 606;35,5653
29/09/2026;35,745;36,665;35,65;36,06;36,06;2 178 966;78 761 273;36,1462
28/09/2026;36,195;36,60;35,945;36,015;36,015;2 056 739;74 390 289;36,1690
25/09/2026;35,69;36,11;35,41;36,09;36,09;2 716 502;97 619 609;35,9358
24/09/2026;35,645;36,205;35,44;35,44;35,44;2 493 455;88 806 952;35,6160
23/09/2026;37,22;37,3025;35,66;35,755;35,755;3 927 456;141 634 425;36,0626
22/09/2026;37,00;38,37;36,94;37,565;37,565;4 598 807;173 589 293;37,7466
21/09/2026;36,25;36,42;35,965;36,075;36,075;2 125 416;76 784 568;36,1268
18/09/2026;35,545;35,855;35,315;35,85;35,85;10 029 397;358 884 995;35,7832
17/09/2026;35,85;35,89;35,28;35,79;35,79;2 798 887;99 850 185;35,6750
16/09/2026;36,06;36,125;35,39;35,565;35,565;3 080 558;109 896 384;35,6742
15/09/2026;36,01;36,59;35,74;36,445;36,445;2 673 069;97 021 440;36,2959
14/09/2026;35,80;36,01;35,56;35,92;35,92;2 286 232;81 978 572;35,8575
11/09/2026;35,53;35,92;35,455;35,615;35,615;1 963 128;69 956 816;35,6354
10/09/2026;35,49;35,75;35,185;35,295;35,295;1 875 566;66 335 377;35,3682
09/09/2026;36,13;36,235;35,725;35,735;35,735;2 881 233;103 226 019;35,8270
08/09/2026;36,305;36,52;36,155;36,23;36,23;2 146 269;77 945 459;36,3167
07/09/2026;37,20;37,21;36,455;36,455;36,455;1 466 441;53 648 799;36,5844
04/09/2026;36,975;37,545;36,90;37,125;37,125;2 380 966;88 663 184;37,2383
03/09/2026;36,86;37,38;36,58;36,88;36,88;2 689 095;99 286 300;36,9218
02/09/2026;37,05;37,17;36,585;36,855;36,855;2 067 081;76 208 750;36,8678
01/09/2026;37,85;37,88;37,05;37,35;37,35;2 836 022;105 914 455;37,3461
31/08/2026;38,37;38,85;38,10;38,33;38,33;9 800 407;375 814 017;38,3468
28/08/2026;38,59;38,875;37,95;38,69;38,69;2 524 232;97 210 570;38,5109
27/08/2026;37,855;38,38;37,61;38,01;38,01;2 230 292;84 798 070;38,0211
26/08/2026;38,10;38,30;37,81;38,01;38,01;1 898 633;72 168 802;38,0109
25/08/2026;37,90;38,05;37,275;38,05;38,05;2 402 830;90 760 031;37,7721
24/08/2026;37,38;37,775;37,02;37,775;37,775;2 751 135;103 187 148;37,5071
21/08/2026;37,72;38,43;37,60;38,295;38,295;2 373 405;90 622 262;38,1824
20/08/2026;38,00;38,14;37,365;37,615;37,615;2 373 723;89 414 012;37,6683
19/08/2026;37,095;37,975;36,80;37,895;37,895;2 667 339;100 227 485;37,5758
18/08/2026;37,145;37,25;36,775;36,96;36,96;2 361 990;87 420 024;37,0112
17/08/2026;37,395;38,01;37,125;37,125;37,125;2 834 893;105 982 580;37,3850
14/08/2026;38,00;38,565;37,30;37,395;37,395;2 735 629;102 931 904;37,6264
13/08/2026;38,40;38,83;37,765;38,10;38,10;3 601 147;137 014 012;38,0473
12/08/2026;40,865;40,915;38,055;38,66;38,66;5 819 609;226 350 433;38,8944
11/08/2026;41,855;42,20;41,09;41,09;41,09;2 073 730;85 655 791;41,3052
10/08/2026;42,30;42,445;41,92;42,145;42,145;1 418 154;59 764 789;42,1427
07/08/2026;41,72;42,625;41,345;42,48;42,48;2 840 072;120 145 819;42,3038
06/08/2026;41,45;41,52;40,665;41,18;41,18;1 987 570;81 807 439;41,1595
05/08/2026;42,255;42,58;41,57;41,57;41,57;2 114 880;88 220 104;41,7140
04/08/2026;40,605;42,135;40,47;41,94;41,94;2 749 610;114 613 938;41,6837
03/08/2026;40,565;41,68;40,565;40,91;40,91;2 901 514;119 293 731;41,1143
31/07/2026;39,725;40,195;39,555;39,965;39,965;3 076 520;122 920 780;39,9545
30/07/2026;39,56;39,91;39,20;39,88;39,88;2 203 517;87 422 500;39,6741
29/07/2026;39,465;39,85;39,115;39,495;39,495;2 661 254;105 144 391;39,5093
28/07/2026;38,165;38,84;37,92;38,59;38,59;2 166 833;83 297 110;38,4419
27/07/2026;37,28;38,14;37,27;37,85;37,85;3 111 286;117 878 589;37,8874
24/07/2026;36,285;36,825;36,17;36,755;36,755;1 901 787;69 573 395;36,5832
23/07/2026;37,25;37,29;36,40;36,455;36,455;3 286 587;120 750 495;36,7404
22/07/2026;37,30;37,42;36,77;37,11;37,11;5 153 022;191 023 680;37,0702
21/07/2026;39,985;40,015;38,21;38,495;38,495;4 034 553;156 194 178;38,7141
20/07/2026;39,285;40,11;39,24;39,975;39,975;3 226 296;128 415 634;39,8028
17/07/2026;39,60;39,755;38,49;38,505;38,505;3 791 025;146 933 806;38,7583
16/07/2026;41,51;41,63;40,39;40,425;40,425;3 209 573;130 651 532;40,7068
15/07/2026;39,785;41,6775;39,70;41,195;41,195;3 723 568;152 644 764;40,9942
14/07/2026;39,195;39,645;38,54;39,19;39,19;2 844 007;111 121 647;39,0722
13/07/2026;39,405;39,55;38,96;39,485;39,485;2 266 882;89 206 194;39,3519
10/07/2026;39,635;39,93;39,28;39,545;39,545;2 413 044;95 625 084;39,6284
09/07/2026;40,255;40,59;39,485;39,675;39,675;3 810 788;151 726 097;39,8149
08/07/2026;40,01;41,035;39,985;40,395;40,395;6 660 314;269 677 948;40,4903
07/07/2026;38,665;39,46;38,53;39,305;39,305;3 758 897;147 270 585;39,1792
06/07/2026;37,365;38,68;37,365;38,155;38,155;4 328 272;165 292 424;38,1890
03/07/2026;37,42;37,585;36,875;36,995;36,995;2 172 953;80 586 145;37,0860
02/07/2026;38,24;38,425;37,195;37,33;37,33;3 255 577;122 025 224;37,4819
01/07/2026;38,01;38,625;37,46;38,45;38,45;3 392 516;129 546 559;38,1860
30/06/2026;38,515;39,25;37,41;37,99;37,99;4 389 776;167 190 293;38,0836
29/06/2026;38,005;39,22;37,915;38,385;38,385;3 924 847;151 546 482;38,6121
26/06/2026;37,34;37,62;36,905;37,475;37,475;2 993 905;111 843 883;37,3572
25/06/2026;38,215;38,585;37,78;37,78;37,78;3 849 874;146 442 875;38,0384
24/06/2026;37,535;38,45;37,505;38,42;38,42;3 303 587;126 071 678;38,1621
23/06/2026;37,03;37,44;36,905;36,955;36,955;3 694 403;137 038 833;37,0936
22/06/2026;38,405;38,78;37,855;37,855;37,855;3 968 188;150 910 683;38,0301
19/06/2026;39,075;39,58;38,215;38,215;38,215;7 933 905;304 648 790;38,3999
18/06/2026;38,865;39,585;38,66;39,09;39,09;4 694 148;183 691 940;39,1321
17/06/2026;39,005;39,605;38,795;39,21;39,21;3 196 220;125 251 200;39,1873
16/06/2026;39,08;39,575;38,59;38,80;38,80;3 503 761;136 495 764;38,9569
15/06/2026;39,80;40,25;39,535;39,57;39,57;2 836 945;112 724 255;39,7344
12/06/2026;40,00;40,00;39,055;39,295;39,295;3 494 564;137 604 725;39,3768
11/06/2026;39,645;40,045;39,205;39,205;39,205;3 041 445;120 021 507;39,4620
10/06/2026;40,00;40,62;39,40;39,90;39,90;3 333 814;133 010 855;39,8975
09/06/2026;40,00;40,62;39,735;39,84;39,84;2 994 476;120 007 228;40,0762
08/06/2026;39,425;40,39;39,29;39,52;39,52;4 251 823;169 071 097;39,7644
05/06/2026;40,015;41,05;40,015;40,15;40,15;2 683 413;108 566 290;40,4583
04/06/2026;40,50;40,54;39,74;40,085;40,085;3 378 993;135 526 396;40,1085
03/06/2026;41,275;41,705;40,06;40,25;40,25;3 844 958;156 181 696;40,6199
02/06/2026;42,00;43,33;41,925;42,595;42,595;5 528 708;235 094 310;42,5225
01/06/2026;39,19;39,825;38,675;38,945;38,945;3 255 928;127 022 623;39,0127
29/05/2026;39,17;39,44;38,64;39,02;39,02;6 384 539;249 139 732;39,0224
28/05/2026;38,615;39,165;38,33;38,625;38,625;3 261 836;126 241 861;38,7027
27/05/2026;39,06;39,59;38,98;38,98;38,98;2 524 428;98 827 125;39,1483
26/05/2026;40,25;40,25;39,265;39,28;39,28;2 677 237;105 598 650;39,4431
25/05/2026;39,65;40,925;39,615;40,155;40,155;2 522 449;101 762 484;40,3427
22/05/2026;40,185;40,405;38,55;39,06;39,06;4 004 182;156 625 128;39,1154
21/05/2026;40,545;40,55;39,49;39,605;39,605;3 373 672;134 312 589;39,8120
20/05/2026;40,20;41,225;39,99;40,82;40,82;2 570 135;104 396 183;40,6189
19/05/2026;39,76;41,03;39,76;40,24;40,24;3 019 936;122 134 211;40,4426
18/05/2026;38,515;39,52;38,50;39,29;39,29;2 339 546;91 630 465;39,1659
15/05/2026;38,45;39,495;38,245;39,095;39,095;2 943 896;115 057 334;39,0834
14/05/2026;39,50;39,525;38,72;38,72;38,72;3 600 024;140 375 516;38,9929
13/05/2026;38,87;40,16;37,76;40,015;40,015;4 767 326;187 690 800;39,3702
12/05/2026;39,40;39,5575;37,365;38,465;38,465;7 271 007;278 751 600;38,3374
11/05/2026;41,085;41,265;40,62;41,065;41,065;2 093 915;85 792 836;40,9725
08/05/2026;41,80;41,835;40,755;41,01;41,01;2 123 995;87 520 482;41,2056
07/05/2026;42,40;42,895;41,94;41,96;41,96;2 923 251;123 204 069;42,1463
06/05/2026;40,72;42,61;40,395;41,88;41,88;3 640 296;152 162 977;41,7996
05/05/2026;40,745;41,27;40,235;40,72;40,72;2 274 288;92 616 696;40,7234
04/05/2026;41,305;41,60;40,365;40,615;40,615;2 563 804;104 711 082;40,8421
30/04/2026;39,945;41,07;39,85;41,07;41,07;2 830 736;115 577 725;40,8296
29/04/2026;40,73;40,83;40,31;40,65;40,65;2 096 677;85 140 207;40,6072
28/04/2026;40,64;41,10;40,46;40,745;40,745;1 964 087;80 103 542;40,7841
27/04/2026;41,105;41,35;40,32;40,77;40,77;2 763 057;112 591 299;40,7488
24/04/2026;41,08;41,87;40,74;41,535;41,535;2 409 489;99 905 083;41,4632
23/04/2026;42,00;42,035;41,37;41,55;41,55;2 170 862;90 384 123;41,6351
22/04/2026;42,95;42,95;42,23;42,425;42,425;2 510 659;106 652 539;42,4799
21/04/2026;43,875;44,10;42,76;42,785;42,785;2 114 051;91 300 950;43,1877
20/04/2026;43,595;44,24;43,50;43,995;43,995;2 293 864;100 840 135;43,9608
17/04/2026;42,83;45,025;42,575;44,33;44,33;5 679 360;250 938 278;44,1843
16/04/2026;43,45;43,505;42,47;42,74;42,74;2 804 552;120 278 158;42,8868
15/04/2026;41,90;42,51;41,90;42,445;42,445;3 982 536;168 502 261;42,3103
14/04/2026;41,485;42,40;41,42;42,275;42,275;5 410 686;227 164 814;41,9845
13/04/2026;41,00;41,67;40,44;41,67;41,67;3 079 242;127 397 233;41,3729
10/04/2026;41,615;42,17;41,38;41,555;41,555;3 014 482;125 530 401;41,6424
09/04/2026;41,885;42,11;41,47;41,855;41,855;3 197 174;133 754 061;41,8351
08/04/2026;41,665;43,205;41,64;42,035;42,035;5 682 271;240 885 253;42,3924
07/04/2026;40,52;40,70;39,465;39,765;39,765;2 694 683;107 622 178;39,9387
02/04/2026;39,615;40,375;39,23;40,02;40,02;2 290 493;91 187 008;39,8111
01/04/2026;40,00;40,905;39,89;40,53;40,53;3 375 547;136 412 166;40,4119
31/03/2026;38,85;39,35;38,56;38,98;38,98;3 651 145;142 361 651;38,9910
30/03/2026;38,265;39,345;38,12;38,57;38,57;3 316 305;128 070 913;38,6186
27/03/2026;39,665;39,83;38,61;38,72;38,72;3 177 982;123 850 049;38,9713
26/03/2026;40,785;41,05;39,50;39,50;39,50;3 627 624;144 838 120;39,9264
25/03/2026;40,69;41,725;40,55;41,47;41,47;3 987 275;164 667 055;41,2981
24/03/2026;40,815;41,34;39,48;39,705;39,705;3 506 576;140 167 077;39,9726
23/03/2026;38,30;42,00;38,11;40,015;40,015;3 903 730;157 642 066;40,3824
20/03/2026;41,02;41,335;40,02;40,02;40,02;9 041 308;364 430 947;40,3073
19/03/2026;42,16;42,275;40,54;40,54;40,54;7 009 618;286 935 789;40,9346
18/03/2026;46,635;47,83;42,38;43,13;43,13;6 858 083;300 696 388;43,8455
17/03/2026;47,005;47,865;46,555;46,555;46,555;3 420 977;160 331 307;46,8671
16/03/2026;46,785;47,195;45,955;46,565;46,565;2 577 639;120 295 768;46,6690
13/03/2026;45,24;47,385;45,24;46,615;46,615;3 086 236;143 914 522;46,6311
12/03/2026;45,435;45,945;45,315;45,43;45,43;2 676 854;121 849 142;45,5195
11/03/2026;46,10;46,54;45,695;45,90;45,90;3 743 016;172 474 645;46,0791
10/03/2026;46,00;47,015;45,345;46,65;46,65;6 526 925;303 501 454;46,4999
09/03/2026;41,32;42,92;41,305;42,575;42,575;2 527 532;107 127 602;42,3843
06/03/2026;42,865;43,025;41,545;41,98;41,98;3 239 505;136 624 019;42,1744
05/03/2026;41,47;42,175;41,335;41,805;41,805;3 352 628;140 079 169;41,7819
04/03/2026;41,225;42,24;41,095;41,835;41,835;3 532 853;147 584 957;41,7750
03/03/2026;42,04;42,105;40,535;40,92;40,92;4 885 487;200 509 533;41,0419
02/03/2026;42,45;42,58;41,725;42,33;42,33;4 414 316;186 568 730;42,2645
27/02/2026;43,85;44,01;43,38;43,51;43,51;5 128 374;223 293 729;43,5408
26/02/2026;43,785;43,99;43,36;43,62;43,62;2 190 437;95 599 436;43,6440
25/02/2026;44,175;44,69;43,865;43,915;43,915;2 840 893;125 347 802;44,1227
24/02/2026;43,655;44,14;43,45;44,00;44,00;1 996 510;87 705 748;43,9295
23/02/2026;44,80;45,11;43,895;44,13;44,13;3 571 816;158 580 305;44,3977
20/02/2026;43,355;44,21;43,33;44,14;44,14;2 862 137;125 771 908;43,9434
19/02/2026;44,30;44,47;43,695;43,82;43,82;3 290 541;144 881 188;44,0296
18/02/2026;43,455;44,605;43,24;44,165;44,165;2 582 661;113 655 460;44,0071
17/02/2026;42,605;43,255;42,16;43,255;43,255;2 347 037;100 718 337;42,9130
16/02/2026;43,12;43,165;42,535;42,58;42,58;2 097 496;89 708 800;42,7695
13/02/2026;43,475;43,48;42,15;42,505;42,505;4 020 340;171 241 013;42,5937
12/02/2026;43,825;44,38;42,66;42,755;42,755;3 975 198;172 083 395;43,2893
11/02/2026;44,55;44,70;43,71;43,71;43,71;3 711 485;163 066 251;43,9356
10/02/2026;45,34;45,44;44,56;44,60;44,60;4 523 036;202 155 693;44,6947
09/02/2026;46,665;46,72;45,815;45,89;45,89;2 256 897;103 936 918;46,0530
06/02/2026;45,38;46,46;45,25;46,00;46,00;3 300 850;151 505 307;45,8989
05/02/2026;46,27;46,62;45,065;45,455;45,455;3 752 751;171 384 201;45,6690
04/02/2026;46,51;46,76;45,095;45,095;45,095;5 895 423;268 311 813;45,5119
03/02/2026;48,00;48,215;47,28;47,43;47,43;3 217 873;153 273 939;47,6321
02/02/2026;47,76;48,675;47,515;48,445;48,445;2 596 979;125 462 489;48,3109
30/01/2026;49,375;49,505;48,04;48,455;48,455;3 591 327;174 754 376;48,6601
29/01/2026;50,86;51,07;49,65;49,77;49,77;1 938 691;97 292 313;50,1845
28/01/2026;51,00;51,19;50,18;50,34;50,34;2 317 166;116 922 010;50,4591
27/01/2026;50,30;50,36;49,90;50,24;50,24;2 068 141;103 854 006;50,2161
26/01/2026;50,20;50,62;49,70;49,75;49,75;2 341 590;116 755 463;49,8616
23/01/2026;50,78;50,78;49,925;50,24;50,24;2 686 745;135 032 720;50,2589
22/01/2026;51,06;51,18;50,57;50,70;50,70;3 482 983;176 991 106;50,8160
21/01/2026;51,27;51,64;50,38;50,72;50,72;2 546 039;129 436 973;50,8386
20/01/2026;51,80;51,83;50,41;51,07;51,07;2 412 960;123 127 937;51,0278
19/01/2026;52,45;52,72;52,13;52,33;52,33;1 697 702;88 959 931;52,4002
16/01/2026;53,86;54,07;53,01;53,38;53,38;2 312 972;123 545 313;53,4141
15/01/2026;55,19;55,26;52,91;54,22;54,22;3 910 008;211 379 204;54,0611
14/01/2026;55,47;56,18;55,12;55,48;55,48;2 488 252;138 174 980;55,5309
13/01/2026;55,48;55,99;55,19;55,47;55,47;1 740 038;96 635 700;55,5365
12/01/2026;54,06;55,77;53,95;55,77;55,77;2 434 250;134 562 836;55,2790
09/01/2026;53,12;53,78;52,71;53,78;53,78;2 467 566;132 171 466;53,5635
08/01/2026;54,29;54,32;53,32;53,32;53,32;1 969 447;105 439 124;53,5374
07/01/2026;54,30;55,37;53,99;54,34;54,34;2 169 248;118 247 782;54,5110
06/01/2026;55,40;55,41;54,62;54,71;54,71;1 779 492;97 599 713;54,8470
05/01/2026;54,20;54,80;53,91;54,72;54,72;1 979 166;107 872 833;54,5042
02/01/2026;53,78;55,23;53,57;53,80;53,80;2 087 341;113 017 378;54,1442
31/12/2025;53,14;53,30;52,39;52,85;52,85;688 704;36 352 212;52,7835
30/12/2025;52,76;53,20;52,63;52,84;52,84;1 130 385;59 829 443;52,9284
29/12/2025;52,58;52,88;52,35;52,64;52,64;1 430 059;75 287 078;52,6461
24/12/2025;53,03;53,35;52,38;52,38;52,38;374 720;19 786 284;52,8029
23/12/2025;52,83;52,97;52,38;52,72;52,72;1 247 306;65 745 530;52,7100
22/12/2025;53,25;53,36;52,68;52,85;52,85;1 282 960;67 870 033;52,9011
19/12/2025;53,11;53,68;52,72;53,54;53,54;6 510 316;347 949 030;53,4458
18/12/2025;51,73;52,58;51,16;52,32;52,32;2 700 247;140 400 657;51,9955
17/12/2025;52,64;52,96;51,48;51,48;51,48;2 200 266;114 276 501;51,9376
16/12/2025;52,89;52,99;52,33;52,46;52,46;2 452 853;128 823 975;52,5201
15/12/2025;52,98;53,50;52,56;52,90;52,90;1 953 396;103 407 332;52,9372
12/12/2025;54,00;54,39;53,14;53,25;53,25;2 619 331;140 593 021;53,6752
11/12/2025;52,24;53,29;51,67;53,05;53,05;2 928 729;154 829 588;52,8658
10/12/2025;51,61;52,00;51,46;52,00;52,00;2 580 783;133 837 596;51,8593
09/12/2025;51,39;51,57;50,97;51,57;51,57;2 064 373;106 090 750;51,3913
08/12/2025;52,54;52,54;51,34;51,34;51,34;2 222 347;114 635 775;51,5832
05/12/2025;52,68;53,00;52,12;52,12;52,12;1 789 948;93 688 478;52,3415
04/12/2025;52,19;52,93;51,95;51,95;51,95;2 118 345;110 532 688;52,1788
03/12/2025;51,99;52,35;51,63;51,83;51,83;2 916 687;151 370 182;51,8980
02/12/2025;53,36;53,57;52,25;52,25;52,25;3 332 070;175 262 263;52,5986
01/12/2025;53,60;53,92;53,08;53,83;53,83;2 638 648;141 633 361;53,6765
28/11/2025;53,88;54,42;53,59;54,26;54,26;2 090 688;113 113 273;54,1034
27/11/2025;54,33;54,55;53,71;53,78;53,78;2 325 508;125 462 418;53,9505
26/11/2025;55,77;55,78;55,11;55,40;55,40;1 806 526;100 174 617;55,4515
25/11/2025;55,38;56,02;54,50;55,31;55,31;2 315 702;127 963 113;55,2589
24/11/2025;57,68;57,82;54,39;55,33;55,33;8 002 287;443 296 517;55,3962
21/11/2025;56,50;56,69;54,00;56,62;56,62;2 533 160;142 947 478;56,4305
20/11/2025;58,77;59,08;57,45;57,45;57,45;1 698 418;98 330 768;57,8955
19/11/2025;58,58;58,68;57,89;57,92;57,92;1 744 041;101 327 130;58,0991
18/11/2025;58,30;58,86;58,16;58,77;58,77;2 167 140;127 048 785;58,6251
17/11/2025;60,76;60,90;59,42;59,64;59,64;1 348 551;80 640 516;59,7979
14/11/2025;60,72;61,01;59,57;60,74;60,74;1 777 982;107 406 524;60,4092
13/11/2025;62,11;63,94;61,90;62,18;62,18;2 455 610;153 988 962;62,7090
12/11/2025;61,94;62,07;61,35;61,72;61,72;1 628 781;100 533 891;61,7234
11/11/2025;61,35;61,62;60,76;61,48;61,48;1 391 423;85 326 744;61,3234
10/11/2025;61,04;62,06;60,92;61,70;61,70;2 158 527;133 116 592;61,6701
07/11/2025;60,27;60,42;58,74;58,95;58,95;1 633 115;96 613 162;59,1588
06/11/2025;60,71;61,28;60,13;60,29;60,29;1 940 856;117 560 802;60,5648
05/11/2025;59,76;60,35;59,33;59,78;59,78;1 829 889;109 422 779;59,7975
04/11/2025;59,38;59,96;58,66;59,75;59,75;1 382 355;82 327 997;59,5563
03/11/2025;60,00;60,43;59,52;60,05;60,05;1 183 584;71 065 115;60,0423
31/10/2025;59,88;60,29;59,24;59,93;59,93;2 213 375;132 467 862;59,8488
30/10/2025;61,11;61,23;60,39;61,00;61,00;1 800 127;109 587 336;60,8776
29/10/2025;60,84;61,63;60,78;61,46;61,46;1 561 492;95 822 206;61,3658
28/10/2025;60,52;61,17;60,43;60,94;60,94;2 046 774;124 507 575;60,8311
27/10/2025;61,14;61,91;60,99;61,19;61,19;2 695 574;165 210 541;61,2896
24/10/2025;59,10;59,59;58,84;59,48;59,48;1 231 619;73 122 437;59,3710
23/10/2025;58,63;59,14;58,44;58,90;58,90;1 461 912;86 077 832;58,8803
22/10/2025;58,66;59,04;58,13;58,13;58,13;1 621 540;94 608 882;58,3451
21/10/2025;59,01;59,06;58,39;58,68;58,68;1 561 412;91 621 991;58,6789
20/10/2025;58,59;58,78;58,31;58,63;58,63;1 333 791;78 150 665;58,5929
17/10/2025;57,33;57,75;56,51;57,58;57,58;3 156 707;180 704 925;57,2448
16/10/2025;58,48;58,80;58,12;58,70;58,70;1 582 769;92 684 748;58,5586
15/10/2025;59,51;59,76;58,69;59,06;59,06;2 405 475;142 318 968;59,1646
14/10/2025;59,14;59,14;57,96;58,77;58,77;2 632 560;154 022 278;58,5067
13/10/2025;59,46;59,83;59,15;59,83;59,83;2 279 492;135 835 982;59,5905
10/10/2025;60,61;60,93;58,85;59,26;59,26;3 543 561;212 371 571;59,9316
09/10/2025;62,15;62,63;61,79;61,86;61,86;1 555 998;96 571 956;62,0643
08/10/2025;61,90;62,45;61,55;62,39;62,39;1 804 477;112 341 432;62,2571
07/10/2025;61,58;61,75;61,12;61,61;61,61;1 787 220;109 976 790;61,5351
06/10/2025;62,21;62,28;61,02;61,41;61,41;1 992 220;122 533 529;61,5060
03/10/2025;61,37;62,10;61,05;61,80;61,80;2 077 114;128 261 034;61,7496
02/10/2025;61,54;61,86;60,88;61,14;61,14;2 052 067;125 752 348;61,2808
01/10/2025;59,76;60,82;58,91;60,52;60,52;2 680 964;161 644 190;60,2933
30/09/2025;59,85;60,56;59,32;59,94;59,94;3 151 293;188 975 705;59,9677
29/09/2025;59,89;59,89;59,12;59,70;59,70;2 865 527;170 928 768;59,6500
26/09/2025;58,26;58,51;57,57;58,40;58,40;1 993 202;115 961 985;58,1787
25/09/2025;58,40;58,55;57,59;57,99;57,99;2 218 533;128 719 010;58,0199
24/09/2025;57,85;58,41;57,56;58,25;58,25;2 354 848;137 042 981;58,1961
23/09/2025;56,87;57,29;56,74;57,12;57,12;2 168 012;123 684 636;57,0498
22/09/2025;56,50;57,36;56,21;57,21;57,21;2 468 556;140 803 513;57,0379
19/09/2025;56,78;57,11;56,45;56,93;56,93;6 090 926;346 549 474;56,8960
18/09/2025;55,41;56,96;55,23;56,55;56,55;3 867 537;217 458 581;56,2266
17/09/2025;55,54;56,35;55,39;56,27;56,27;2 840 488;159 283 789;56,0762
16/09/2025;55,77;55,81;54,55;54,63;54,63;2 422 584;133 017 724;54,9074
15/09/2025;54,35;55,60;54,31;55,60;55,60;2 266 779;125 206 712;55,2355
12/09/2025;54,56;55,25;54,38;54,59;54,59;2 360 845;129 007 491;54,6446
11/09/2025;53,44;54,63;53,20;54,23;54,23;1 973 339;106 869 993;54,1569
10/09/2025;54,00;54,49;53,29;53,46;53,46;1 782 101;95 752 071;53,7299
09/09/2025;52,98;53,60;52,83;53,50;53,50;1 331 970;71 150 568;53,4175
08/09/2025;53,13;53,25;52,46;53,05;53,05;1 032 897;54 668 662;52,9275
05/09/2025;52,88;53,06;52,20;52,43;52,43;1 526 555;80 242 745;52,5646
04/09/2025;52,00;52,28;51,71;52,28;52,28;1 835 956;95 757 358;52,1567
03/09/2025;51,98;52,15;51,36;52,00;52,00;1 771 482;91 968 631;51,9162
02/09/2025;52,22;52,25;51,08;51,19;51,19;1 738 345;89 287 638;51,3636
01/09/2025;52,96;53,23;52,50;52,60;52,60;1 312 892;69 197 722;52,7063
29/08/2025;52,29;53,06;52,09;52,81;52,81;1 977 623;104 311 790;52,7460
28/08/2025;52,46;52,54;51,83;52,40;52,40;1 415 386;73 998 144;52,2812
27/08/2025;53,24;53,48;52,15;52,39;52,39;1 568 781;82 480 245;52,5760
26/08/2025;54,06;54,07;53,53;53,53;53,53;2 756 963;147 835 709;53,6227
25/08/2025;54,02;54,44;53,87;54,11;54,11;1 147 065;62 066 631;54,1091
22/08/2025;52,71;53,68;52,66;53,61;53,61;1 745 797;93 377 394;53,4870
21/08/2025;52,48;52,60;52,26;52,60;52,60;1 024 050;53 775 971;52,5130
20/08/2025;52,14;52,92;52,07;52,54;52,54;1 267 616;66 591 940;52,5332
19/08/2025;53,13;53,24;52,64;52,64;52,64;1 405 606;74 206 027;52,7929
18/08/2025;53,13;53,20;52,60;52,97;52,97;1 219 404;64 531 814;52,9208
15/08/2025;53,35;53,63;52,71;53,11;53,11;2 318 286;123 136 983;53,1155
14/08/2025;52,80;53,40;52,52;52,77;52,77;2 136 427;112 905 092;52,8476
13/08/2025;52,06;53,38;51,97;52,64;52,64;3 451 137;181 989 605;52,7332
12/08/2025;51,26;51,26;50,43;50,75;50,75;1 590 338;80 684 086;50,7339
11/08/2025;50,70;50,86;50,25;50,67;50,67;1 200 062;60 743 711;50,6171
08/08/2025;50,61;50,65;50,19;50,50;50,50;1 302 249;65 746 377;50,4868
07/08/2025;50,76;51,16;50,57;50,70;50,70;1 687 471;85 707 743;50,7906
06/08/2025;50,42;50,96;50,20;50,51;50,51;1 891 595;95 728 753;50,6074
05/08/2025;50,20;50,33;49,55;49,93;49,93;1 909 494;95 358 376;49,9391
04/08/2025;49,40;49,855;48,98;49,765;49,765;2 667 909;132 488 350;49,6600
01/08/2025;49,91;49,925;48,005;48,39;48,39;2 816 146;136 888 943;48,6086
31/07/2025;50,98;51,10;50,02;50,24;50,24;2 301 527;115 819 775;50,3230
30/07/2025;51,04;51,20;50,34;50,89;50,89;1 914 009;97 291 193;50,8311
29/07/2025;51,26;51,50;50,97;51,29;51,29;1 852 425;95 051 049;51,3117
28/07/2025;51,95;52,05;50,71;51,14;51,14;1 543 358;79 068 123;51,2312
25/07/2025;51,70;51,86;51,41;51,53;51,53;1 748 629;90 229 000;51,5999
24/07/2025;52,53;52,72;51,79;51,90;51,90;1 904 379;99 160 439;52,0697
23/07/2025;52,00;52,67;51,32;52,14;52,14;3 413 665;178 197 950;52,2014
22/07/2025;49,95;50,19;49,69;49,835;49,835;1 603 849;79 977 027;49,8657
21/07/2025;49,88;50,07;49,59;49,95;49,95;1 212 630;60 508 123;49,8983
18/07/2025;49,185;49,99;49,185;49,81;49,81;1 988 152;98 945 951;49,7678
17/07/2025;48,60;49,06;48,46;49,03;49,03;2 234 898;109 349 346;48,9281
16/07/2025;49,00;49,21;48,19;48,35;48,35;2 072 919;100 674 690;48,5666
15/07/2025;48,475;49,225;48,4025;48,855;48,855;2 064 930;100 894 711;48,8611
14/07/2025;48,59;48,59;47,14;47,865;47,865;1 668 591;79 670 079;47,7469
11/07/2025;48,485;48,485;47,925;48,415;48,415;2 134 018;103 040 921;48,2849
10/07/2025;47,895;48,24;47,71;48,11;48,11;2 046 380;98 362 461;48,0671
09/07/2025;47,655;47,825;47,225;47,59;47,59;2 005 277;95 350 758;47,5499
08/07/2025;47,735;48,01;47,245;47,90;47,90;1 915 648;91 577 984;47,8052
07/07/2025;46,75;47,63;46,47;47,63;47,63;1 608 829;76 155 465;47,3360
04/07/2025;46,515;46,74;46,235;46,475;46,475;1 472 447;68 455 709;46,4910
03/07/2025;46,40;46,97;46,185;46,91;46,91;1 681 778;78 620 188;46,7507
02/07/2025;46,91;47,10;46,195;46,48;46,48;2 077 480;96 688 358;46,5411
01/07/2025;47,715;47,755;46,70;46,82;46,82;1 891 863;88 924 185;47,0035
30/06/2025;47,295;47,665;47,06;47,47;47,47;2 767 169;131 297 101;47,4482
27/06/2025;47,915;48,07;47,10;47,585;47,585;3 159 457;149 929 380;47,4543
26/06/2025;47,90;48,555;47,44;47,865;47,865;2 805 969;134 286 734;47,8573
25/06/2025;48,48;48,815;47,755;48,06;48,06;2 578 503;124 252 328;48,1877
24/06/2025;49,215;49,27;47,965;48,185;48,185;2 955 247;142 896 497;48,3537
23/06/2025;45,86;48,13;45,86;47,625;47,625;3 767 409;178 374 994;47,3476
20/06/2025;46,065;46,625;45,86;46,125;46,125;7 651 337;353 300 553;46,1750
19/06/2025;46,245;46,30;45,63;45,745;45,745;2 050 738;93 980 232;45,8272
18/06/2025;46,45;46,945;46,21;46,815;46,815;2 229 723;103 977 081;46,6326
17/06/2025;46,80;46,925;46,23;46,615;46,615;1 675 779;78 012 229;46,5528
16/06/2025;46,83;47,035;46,52;46,985;46,985;1 510 325;70 870 684;46,9241
13/06/2025;46,59;46,685;46,06;46,68;46,68;3 305 830;153 679 353;46,4874
12/06/2025;47,12;47,715;46,63;47,37;47,37;2 836 546;133 985 919;47,2357
11/06/2025;47,54;48,00;47,38;47,38;47,38;2 640 609;125 619 797;47,5722
10/06/2025;47,825;47,825;47,325;47,45;47,45;2 461 751;116 893 259;47,4838
09/06/2025;47,485;48,14;47,335;47,865;47,865;2 486 604;118 934 428;47,8300
06/06/2025;47,34;47,45;47,075;47,215;47,215;1 635 034;77 212 004;47,2231
05/06/2025;46,975;47,45;46,71;47,40;47,40;2 711 721;127 865 195;47,1528
04/06/2025;45,195;46,965;45,195;46,965;46,965;3 588 603;166 973 112;46,5295
03/06/2025;44,97;45,225;44,58;44,885;44,885;2 656 570;119 334 716;44,9206
02/06/2025;45,07;45,49;44,70;45,15;45,15;2 177 685;98 255 330;45,1191
30/05/2025;45,02;45,38;44,86;45,20;45,20;9 152 357;413 495 343;45,1791
29/05/2025;46,35;46,36;45,675;45,715;45,715;1 985 796;91 087 463;45,8695
28/05/2025;45,30;45,835;45,035;45,65;45,65;2 669 011;121 601 996;45,5607
27/05/2025;45,435;46,06;45,31;45,70;45,70;2 531 368;115 820 238;45,7541
26/05/2025;45,60;45,715;45,115;45,405;45,405;1 764 967;80 148 757;45,4109
23/05/2025;45,585;46,14;44,405;45,135;45,135;2 722 832;122 833 337;45,1124
22/05/2025;45,80;46,085;45,68;46,03;46,03;1 471 852;67 614 841;45,9387
21/05/2025;45,695;46,32;45,295;46,285;46,285;2 227 271;102 739 349;46,1284
20/05/2025;46,24;46,305;45,51;45,65;45,65;1 875 309;85 673 233;45,6849
19/05/2025;46,46;46,535;45,20;46,08;46,08;1 659 323;76 113 961;45,8706
16/05/2025;45,86;46,14;45,685;46,13;46,13;3 055 993;140 519 532;45,9817
15/05/2025;46,305;46,305;45,76;46,22;46,22;2 394 737;110 393 930;46,0986
14/05/2025;46,15;47,52;46,005;46,855;46,855;5 103 588;239 227 207;46,8743
13/05/2025;45,205;45,88;45,04;45,60;45,60;3 111 124;141 786 741;45,5742
12/05/2025;44,685;46,275;44,67;45,715;45,715;3 330 117;152 073 881;45,6662
09/05/2025;43,21;43,715;43,15;43,465;43,465;2 572 226;111 864 921;43,4895
08/05/2025;42,63;43,39;42,55;43,37;43,37;2 999 897;129 698 717;43,2345
07/05/2025;42,95;43,26;42,055;42,16;42,16;2 986 984;126 354 788;42,3018
06/05/2025;43,37;43,76;42,73;43,76;43,76;1 804 421;78 468 624;43,4869
05/05/2025;42,81;43,25;42,79;43,045;43,045;1 348 542;58 003 564;43,0121
02/05/2025;41,60;43,225;41,60;43,215;43,215;3 529 499;151 183 186;42,8341
30/04/2025;40,92;41,28;40,625;40,925;40,925;3 872 019;158 509 645;40,9373
29/04/2025;40,74;40,875;40,4225;40,61;40,61;2 462 077;100 039 319;40,6320
28/04/2025;40,735;41,165;40,64;40,66;40,66;2 066 453;84 271 623;40,7805
25/04/2025;40,435;40,835;40,295;40,785;40,785;2 685 140;109 210 327;40,6722
24/04/2025;39,405;40,05;39,315;39,98;39,98;2 185 584;87 073 110;39,8397
23/04/2025;38,935;40,53;38,89;39,925;39,925;4 723 783;188 686 775;39,9431
22/04/2025;37,685;38,255;37,51;38,255;38,255;2 515 778;95 812 869;38,0850
17/04/2025;38,00;38,15;37,59;37,705;37,705;3 200 668;121 167 823;37,8568
16/04/2025;37,375;37,86;36,91;37,715;37,715;3 147 301;118 143 564;37,5383
15/04/2025;37,245;38,105;37,165;38,10;38,10;2 867 878;108 669 176;37,8919
14/04/2025;36,88;37,865;36,655;37,42;37,42;3 790 798;141 816 855;37,4108
11/04/2025;36,95;37,00;35,295;35,915;35,915;4 829 868;173 876 262;36,0002
10/04/2025;37,005;38,035;36,38;36,42;36,42;6 294 983;231 927 498;36,8432
09/04/2025;36,595;37,28;35,45;35,645;35,645;6 214 093;223 998 355;36,0469
08/04/2025;36,945;38,365;36,635;37,61;37,61;5 038 367;189 007 171;37,5136
07/04/2025;35,30;39,96;34,945;36,795;36,795;8 963 515;330 032 590;36,8186
04/04/2025;41,23;41,44;37,60;38,74;38,74;6 631 885;260 878 149;39,3366
03/04/2025;41,975;42,13;40,745;41,375;41,375;4 908 460;203 459 376;41,4508
02/04/2025;43,00;43,19;42,435;42,575;42,575;2 472 371;105 483 377;42,6646
01/04/2025;43,305;43,42;42,65;43,215;43,215;3 198 738;137 913 546;43,1151
31/03/2025;42,14;42,665;41,945;42,575;42,575;3 967 296;168 440 931;42,4574
28/03/2025;43,675;44,125;42,795;42,945;42,945;3 699 011;159 750 400;43,1868
27/03/2025;43,505;44,29;43,38;44,11;44,11;2 354 603;103 336 351;43,8868
26/03/2025;43,685;43,81;43,34;43,735;43,735;1 944 109;84 816 830;43,6277
25/03/2025;43,06;43,50;42,60;43,395;43,395;2 539 250;109 844 663;43,2587
24/03/2025;43,59;43,79;43,135;43,54;43,54;2 687 472;116 956 384;43,5191
21/03/2025;42,605;43,735;42,45;43,44;43,44;13 229 885;573 760 466;43,3687
20/03/2025;44,00;44,00;42,665;42,70;42,70;5 339 112;230 531 335;43,1778
19/03/2025;44,815;46,20;44,78;45,48;45,48;5 360 412;244 155 667;45,5480
18/03/2025;44,92;45,77;44,725;44,885;44,885;4 723 954;213 207 152;45,1332
17/03/2025;43,395;44,465;43,27;44,34;44,34;2 490 970;109 645 084;44,0162
14/03/2025;43,54;43,785;43,28;43,47;43,47;2 599 486;113 134 898;43,5220
13/03/2025;42,295;42,855;42,295;42,685;42,685;2 081 525;88 773 363;42,6483
12/03/2025;42,55;43,22;42,23;42,375;42,375;3 141 052;133 650 730;42,5497
11/03/2025;43,215;43,32;42,485;42,72;42,72;4 759 016;204 043 852;42,8753
10/03/2025;43,37;43,74;42,72;43,05;43,05;3 514 207;151 580 011;43,1334
07/03/2025;44,48;44,66;43,765;44,275;44,275;3 713 666;164 270 606;44,2340
06/03/2025;45,00;46,17;44,825;45,165;45,165;6 604 008;300 728 104;45,5371
05/03/2025;43,615;43,785;43,045;43,20;43,20;5 084 112;220 272 981;43,3257
04/03/2025;41,96;42,55;41,655;42,28;42,28;4 561 651;192 485 335;42,1965
03/03/2025;42,395;42,43;41,865;42,18;42,18;3 066 727;129 375 836;42,1869
28/02/2025;41,375;42,235;41,36;41,99;41,99;5 001 080;209 680 351;41,9270
27/02/2025;42,905;43,15;42,545;42,96;42,96;3 141 045;134 755 898;42,9017
26/02/2025;43,05;43,325;42,71;43,29;43,29;3 328 761;143 549 524;43,1240
25/02/2025;41,81;42,25;41,685;42,24;42,24;3 644 307;153 475 918;42,1139
24/02/2025;43,02;43,445;41,87;41,93;41,93;6 851 215;290 244 661;42,3636
21/02/2025;46,00;46,17;45,58;45,975;45,975;5 275 126;242 152 025;45,9045
20/02/2025;43,905;45,725;43,59;45,09;45,09;5 232 978;234 202 066;44,7553
19/02/2025;44,90;45,195;44,255;44,305;44,305;3 344 550;149 082 328;44,5747
18/02/2025;45,00;45,70;44,895;45,02;45,02;3 781 278;171 023 676;45,2290
17/02/2025;43,99;44,555;43,825;44,495;44,495;3 591 243;158 732 228;44,1998
14/02/2025;42,61;43,805;42,575;43,025;43,025;6 515 765;282 103 478;43,2955
13/02/2025;40,35;41,095;40,23;41,095;41,095;4 062 567;165 703 758;40,7880
12/02/2025;40,26;40,565;39,98;40,375;40,375;3 856 775;155 666 768;40,3619
11/02/2025;39,26;39,835;39,25;39,795;39,795;2 891 020;114 468 626;39,5945
10/02/2025;39,495;40,165;39,44;40,035;40,035;4 154 226;165 692 495;39,8853
07/02/2025;38,85;39,36;38,715;38,88;38,88;4 180 965;163 143 446;39,0205
06/02/2025;37,95;38,66;37,81;38,49;38,49;3 413 954;131 243 513;38,4432
05/02/2025;37,385;37,955;37,165;37,70;37,70;3 163 630;119 266 637;37,6993
04/02/2025;37,90;38,035;37,295;37,94;37,94;3 660 719;138 170 598;37,7441
03/02/2025;35,845;37,18;35,83;37,01;37,01;4 689 991;172 255 731;36,7285
31/01/2025;37,00;37,585;36,905;36,98;36,98;3 753 943;139 348 631;37,1206
30/01/2025;36,275;36,84;36,15;36,655;36,655;2 474 235;90 461 907;36,5616
29/01/2025;36,485;36,65;36,185;36,46;36,46;2 586 365;94 333 893;36,4736
28/01/2025;35,90;36,12;35,595;35,865;35,865;2 338 244;83 980 644;35,9161
27/01/2025;35,74;35,855;35,015;35,385;35,385;3 824 168;135 155 919;35,3426
24/01/2025;35,50;35,695;35,29;35,455;35,455;3 080 668;109 308 379;35,4821
23/01/2025;35,14;35,175;34,71;34,90;34,90;2 859 513;99 791 145;34,8980
22/01/2025;34,80;35,04;34,64;34,965;34,965;2 802 741;97 917 380;34,9363
21/01/2025;35,105;35,135;34,825;34,935;34,935;2 768 685;96 864 282;34,9857
20/01/2025;35,60;35,79;35,17;35,17;35,17;4 653 850;164 593 117;35,3671
17/01/2025;34,675;35,215;34,50;35,09;35,09;3 940 599;137 659 467;34,9336
16/01/2025;34,515;34,955;34,31;34,41;34,41;3 739 401;128 891 343;34,4684
15/01/2025;34,465;34,925;34,25;34,59;34,59;4 123 197;142 710 588;34,6116
14/01/2025;34,135;34,30;33,77;33,885;33,885;3 375 093;114 559 768;33,9427
13/01/2025;33,57;33,66;33,075;33,255;33,255;3 470 471;115 462 086;33,2697
10/01/2025;34,44;34,49;33,625;33,755;33,755;4 459 651;151 276 959;33,9209
09/01/2025;34,625;34,87;34,50;34,65;34,65;3 174 056;110 072 713;34,6788
08/01/2025;34,305;35,10;34,27;34,365;34,365;6 368 388;219 804 437;34,5149
07/01/2025;35,10;35,315;34,64;34,72;34,72;7 180 455;250 632 236;34,9044
06/01/2025;38,325;38,97;35,27;35,625;35,625;6 741 804;247 169 870;36,6615
03/01/2025;38,345;38,56;38,255;38,41;38,41;1 886 181;72 410 624;38,3901
02/01/2025;38,39;38,64;38,035;38,61;38,61;2 552 750;98 128 305;38,4402
31/12/2024;38,13;38,505;38,125;38,35;38,35;1 452 738;55 718 293;38,3522
30/12/2024;38,835;38,855;37,945;38,10;38,10;2 503 671;95 681 465;38,2185
27/12/2024;38,865;39,325;38,82;38,98;38,98;2 643 353;103 265 546;39,0662
24/12/2024;39,41;39,42;38,875;38,90;38,90;700 091;27 364 470;39,0867
23/12/2024;39,355;39,425;38,915;39,285;39,285;3 187 929;125 025 722;39,2183
20/12/2024;40,00;40,13;39,195;39,865;39,865;9 709 250;385 907 519;39,7467
19/12/2024;39,87;40,10;39,59;39,71;39,71;3 742 552;148 838 376;39,7691
18/12/2024;40,605;40,65;39,835;39,92;39,92;2 857 550;114 422 384;40,0423
17/12/2024;40,35;40,46;40,035;40,35;40,35;3 988 437;160 741 514;40,3019
16/12/2024;40,37;40,615;40,145;40,22;40,22;3 852 596;155 203 997;40,2856
13/12/2024;40,515;41,175;40,37;40,665;40,665;2 424 599;98 781 000;40,7413
12/12/2024;41,16;41,24;40,70;40,70;40,70;2 344 861;95 749 651;40,8337
11/12/2024;40,425;41,105;40,365;40,77;40,77;2 605 632;106 344 499;40,8133
10/12/2024;40,345;40,755;40,115;40,505;40,505;2 818 948;114 139 817;40,4902
09/12/2024;41,00;41,41;40,725;41,24;41,24;3 435 168;141 225 638;41,1121
06/12/2024;39,985;40,275;39,875;40,22;40,22;1 775 532;71 264 570;40,1371
05/12/2024;39,39;40,33;39,36;40,02;40,02;2 116 013;84 625 215;39,9928
04/12/2024;39,31;39,35;39,005;39,125;39,125;2 164 138;84 720 060;39,1472
03/12/2024;39,80;40,03;39,035;39,175;39,175;3 127 839;123 194 256;39,3862
02/12/2024;39,00;39,905;38,455;39,32;39,32;3 025 153;118 681 430;39,2284
29/11/2024;37,66;38,55;37,62;38,55;38,55;2 672 442;102 502 198;38,3553
28/11/2024;38,05;38,16;37,845;37,905;37,905;1 161 663;44 077 412;37,9434
27/11/2024;38,50;38,50;37,935;38,05;38,05;1 480 909;56 450 212;38,1186
26/11/2024;37,77;38,165;37,67;38,01;38,01;1 950 593;74 154 178;38,0162
25/11/2024;38,02;38,235;37,945;38,235;38,235;9 879 869;377 464 408;38,2054
22/11/2024;37,60;38,08;37,60;37,97;37,97;2 464 070;93 457 663;37,9282
21/11/2024;37,75;38,155;37,59;38,105;38,105;2 132 389;81 033 851;38,0015
20/11/2024;38,385;38,43;37,71;37,925;37,925;2 021 289;76 700 836;37,9465
19/11/2024;38,015;38,185;37,57;37,99;37,99;2 363 287;89 563 657;37,8979
18/11/2024;38,72;38,81;37,915;38,085;38,085;2 416 905;92 257 215;38,1714
15/11/2024;37,825;38,18;37,61;37,75;37,75;3 318 178;125 749 856;37,8972
14/11/2024;37,90;38,165;37,50;38,085;38,085;3 956 839;150 152 546;37,9476
13/11/2024;37,98;38,15;37,485;37,775;37,775;4 130 967;156 157 508;37,8017
12/11/2024;37,915;38,26;37,605;37,605;37,605;3 269 112;123 627 045;37,8167
11/11/2024;38,60;38,80;38,295;38,33;38,33;2 110 711;81 207 720;38,4741
08/11/2024;39,035;39,39;38,05;38,44;38,44;4 597 227;177 000 872;38,5017
07/11/2024;39,665;39,79;39,205;39,455;39,455;2 581 265;101 898 590;39,4762
06/11/2024;39,50;40,205;38,62;38,85;38,85;4 345 403;169 592 415;39,0280
05/11/2024;39,58;39,905;39,335;39,835;39,835;2 023 443;80 296 360;39,6830
04/11/2024;39,34;39,675;39,005;39,01;39,01;1 783 409;69 799 279;39,1381
01/11/2024;39,52;39,57;39,09;39,33;39,33;2 301 870;90 511 886;39,3210
31/10/2024;38,765;38,96;38,305;38,745;38,745;3 504 372;135 522 039;38,6723
30/10/2024;39,895;39,915;39,015;39,085;39,085;3 304 755;129 725 266;39,2533
29/10/2024;39,685;40,305;39,61;40,205;40,205;3 185 610;127 757 779;40,1047
28/10/2024;39,83;39,96;39,51;39,77;39,77;1 894 192;75 291 183;39,7484
25/10/2024;39,00;39,785;38,895;39,705;39,705;1 802 292;71 201 196;39,5059
24/10/2024;38,97;39,51;38,93;39,005;39,005;1 782 898;69 793 755;39,1462
23/10/2024;39,205;39,56;39,105;39,105;39,105;1 390 696;54 512 607;39,1981
22/10/2024;39,00;39,29;38,695;39,17;39,17;2 557 176;99 905 717;39,0688
21/10/2024;39,02;39,24;38,815;38,88;38,88;1 801 042;70 133 993;38,9408
18/10/2024;39,90;39,90;39,305;39,34;39,34;4 973 480;196 260 799;39,4614
17/10/2024;38,695;38,84;38,345;38,50;38,50;4 115 102;158 989 239;38,6353
16/10/2024;39,415;39,415;38,865;38,915;38,915;2 746 912;107 156 182;39,0097
15/10/2024;39,17;39,225;38,45;38,88;38,88;6 512 038;253 037 830;38,8570
14/10/2024;39,78;40,34;39,61;40,175;40,175;2 485 734;99 509 922;40,0325
11/10/2024;39,555;39,915;39,35;39,805;39,805;2 145 645;85 228 044;39,7214
10/10/2024;40,225;40,35;39,31;39,56;39,56;2 531 826;100 308 339;39,6190
