Aandeel;Euronext code;Status;Details
ASML;NL0010273215-XAMS;GEVALIDEERD;"ASML.csv; 509 handelsdagen, 509 volume-observaties, 2024-10-09 t/m 2026-10-07"
AALBERTS;NL0000852564-XAMS;GEVALIDEERD;"AALBERTS.csv; 509 handelsdagen, 509 volume-observaties, 2024-10-09 t/m 2026-10-07"
ABN AMRO;NL0011540547-XAMS;GEVALIDEERD;"ABN_AMRO.csv; 509 handelsdagen, 509 volume-observaties, 2024-10-09 t/m 2026-10-07"
ADYEN;NL0012969182-XAMS;GEVALIDEERD;"ADYEN.csv; 509 handelsdagen, 509 volume-observaties, 2024-10-09 t/m 2026-10-07"
AEGON;BMG0112X1056-XAMS;GEVALIDEERD;"AEGON.csv; 509 handelsdagen, 509 volume-observaties, 2024-10-09 t/m 2026-10-07"
AHOLD DELHAIZE;NL0011794037-XAMS;GEVALIDEERD;"AHOLD_DELHAIZE.csv; 509 handelsdagen, 509 volume-observaties, 2024-10-09 t/m 2026-10-07"
AKZO NOBEL;NL0013267909-XAMS;GEVALIDEERD;"AKZO_NOBEL.csv; 509 handelsdagen, 509 volume-observaties, 2024-10-09 t/m 2026-10-07"
ARCELORMITTAL;LU1598757687-XAMS;GEVALIDEERD;"ARCELORMITTAL.csv; 509 handelsdagen, 509 volume-observaties, 2024-10-09 t/m 2026-10-07"
ASM INTERNATIONAL;NL0000334118-XAMS;GEVALIDEERD;"ASM_INTERNATIONAL.csv; 509 handelsdagen, 509 volume-observaties, 2024-10-09 t/m 2026-10-07"
ASR NEDERLAND;NL0011872643-XAMS;GEVALIDEERD;"ASR_NEDERLAND.csv; 509 handelsdagen, 509 volume-observaties, 2024-10-09 t/m 2026-10-07"
BESI;NL0012866412-XAMS;GEVALIDEERD;"BESI.csv; 509 handelsdagen, 509 volume-observaties, 2024-10-09 t/m 2026-10-07"
CVC CAPITAL;JE00BRX98089-XAMS;GEVALIDEERD;"CVC_CAPITAL.csv; 509 handelsdagen, 509 volume-observaties, 2024-10-09 t/m 2026-10-07"
DSM-FIRMENICH;CH1216478797-XAMS;GEVALIDEERD;"DSM_FIRMENICH.csv; 509 handelsdagen, 509 volume-observaties, 2024-10-09 t/m 2026-10-07"
EXOR;NL0012059018-XAMS;GEVALIDEERD;"EXOR.csv; 509 handelsdagen, 509 volume-observaties, 2024-10-09 t/m 2026-10-07"
HEINEKEN;NL0000009165-XAMS;GEVALIDEERD;"HEINEKEN.csv; 509 handelsdagen, 509 volume-observaties, 2024-10-09 t/m 2026-10-07"
IMCD;NL0010801007-XAMS;GEVALIDEERD;"IMCD.csv; 509 handelsdagen, 509 volume-observaties, 2024-10-09 t/m 2026-10-07"
ING;NL0011821202-XAMS;GEVALIDEERD;"ING.csv; 509 handelsdagen, 509 volume-observaties, 2024-10-09 t/m 2026-10-07"
INPOST;LU2290522684-XAMS;GEVALIDEERD;"INPOST.csv; 509 handelsdagen, 509 volume-observaties, 2024-10-09 t/m 2026-10-07"
KPN;NL0000009082-XAMS;GEVALIDEERD;"KPN.csv; 509 handelsdagen, 509 volume-observaties, 2024-10-09 t/m 2026-10-07"
MAGNUM ICE CREAM;NL0015002MS2-XAMS;NIET GELUKT;Datums niet geaccepteerd: ['2025-12-05', '2026-10-07']
NN GROUP;NL0010773842-XAMS;GEVALIDEERD;"NN_GROUP.csv; 509 handelsdagen, 509 volume-observaties, 2024-10-09 t/m 2026-10-07"
PHILIPS;NL0000009538-XAMS;GEVALIDEERD;"PHILIPS.csv; 509 handelsdagen, 509 volume-observaties, 2024-10-09 t/m 2026-10-07"
PROSUS;NL0013654783-XAMS;GEVALIDEERD;"PROSUS.csv; 509 handelsdagen, 509 volume-observaties, 2024-10-09 t/m 2026-10-07"
RELX;GB00B2B0DG97-XAMS;GEVALIDEERD;"RELX.csv; 509 handelsdagen, 509 volume-observaties, 2024-10-09 t/m 2026-10-07"
SBM OFFSHORE;NL0000360618-XAMS;GEVALIDEERD;"SBM_OFFSHORE.csv; 509 handelsdagen, 509 volume-observaties, 2024-10-09 t/m 2026-10-07"
SHELL;GB00BP6MXD84-XAMS;GEVALIDEERD;"SHELL.csv; 509 handelsdagen, 509 volume-observaties, 2024-10-09 t/m 2026-10-07"
UMG;NL0015000IY2-XAMS;GEVALIDEERD;"UMG.csv; 509 handelsdagen, 509 volume-observaties, 2024-10-09 t/m 2026-10-07"
UNILEVER;GB00BVZK7T90-XAMS;GEVALIDEERD;"UNILEVER.csv; 509 handelsdagen, 509 volume-observaties, 2024-10-09 t/m 2026-10-07"
WDP;BE0974349814-XBRU;GEVALIDEERD;"WDP.csv; 509 handelsdagen, 509 volume-observaties, 2024-10-09 t/m 2026-10-07"
WOLTERS KLUWER;NL0000395903-XAMS;GEVALIDEERD;"WOLTERS_KLUWER.csv; 509 handelsdagen, 509 volume-observaties, 2024-10-09 t/m 2026-10-07"
